SubjectID,DriverLiscenseNumber,Gender,DateOfBirth,SubjectWeight,EyeColor,StreetAddress,City,State,ZipCode,LastName,MiddleName,FirstName
15657,782509355,M,2/19/1973,190,Brown,123 NewPlace Way,Denver,Colorado,80210,Love,Theodore,Josh
15688,946442345,F,11/3/1990,130,Blue,837 Marble Drive,Cherry Creek,Colorado,80518,Pain,Maddison,Lauren
15719,717325242,M,6/11/1994,230,Brown,4939 University Way,Colorado Spring,Colorado,80102,Ramierez,Marco,Luis
15751,984170112,M,2/7/2000,200,Hazel,4821 Yale Ave,Denver,Colorado,80210,Jacobs,Theodore,Jake
15782,115119574,F,1/18/1999,125,Brown,2000 East Colfax,Denver,Colorado,80210,Ramierez,Marcus,Jose
15814,466808420,M,5/20/1997,160,Brown,1532 Marsh Court,Castle Rock,Colorado,80109,Yang,Zach,Christopher
15845,552732705,M,5/6/1993,190,Blue,1830 Colorado Blvd,Denver,Colorado,80210,Shoemaker,David,Ethan
15876,561858878,M,8/12/1998,210,Hazel,9320 Louisiana Blvd,Denver,Colorado,80210,Ying,Mao,Luke
15908,315429861,F,7/14/1999,120,Blue,9000 Lost Way,Colorado Springs,Colorado,80102,Green,Alia,Sarah
15940,632442853,F,9/14/2000,150,Blue,8021 North Havasu Way,Lakewood,Colorado,80302,Brown,Libby,Allison
15971,880302346,M,9/8/1998,170,Blue,12232 Cooks Springs,Evergreen,Colorado,80437,Zander,Paul,Mitchell
16003,290686157,M,11/12/1970,223,Blue,206 Lyell St,Monte Vista,Colorado,81144,Marshall,Emer,Ewen
16034,407407310,M,4/19/1979,279,Blue,1966 Red Cliff Pl,Loveland,Colorado,80538,Malone,Brad,Reese
16066,870906772,M,1/23/1970,272,Hazel,5530 N Saint Louis Dr,Loveland,Colorado,80538,Hadley,Tyriq,Jimmy
16098,228616409,M,11/8/1971,112,Hazel,984 County Rd,New Castle,Colorado,81647,Davis,Elijah,Roland
16129,211783832,M,10/24/1987,213,Hazel,1966 Red Cliff Pl,Loveland,Colorado,80538,Dawe,Rhodri,Bobbie
16161,661457490,M,7/24/1975,146,Hazel,239 Monares Ln,Erie,Colorado,80516,Baxter,Ian,Cole
16193,191759545,M,1/9/1983,143,Hazel,2856 Lotus Pl,Loveland,Colorado,80537,Gilliam,Wyatt,Niko
16225,495857742,M,5/1/1999,277,Brown,4085 W 104th Dr ,Westminster,Colorado,80031,Wilkins,Eshaan,Jamaal
16257,741865677,M,4/8/1987,213,Brown,9236 E 107th Ave,Henderson,Colorado,80640,Fulton,Manuel,Ismael
16289,201382568,F,6/18/1975,201,Brown,1960 Denver West Dr,Golden,Colorado,80401,Hastings,Greta,Catrina
16321,331554416,F,3/14/1993,207,Brown,15150 S Golden Rd,Golden,Colorado,80401,Colley,Ainsley,Mallory
16353,665636391,F,2/13/1975,100,Brown,7085 Gladiola St,Arvada,Colorado,80004,Holis,Ella,Willow
16384,295352843,F,3/4/1997,291,Brown,1555 Shadow Run Ct,Steamboat Springs,Colorado,80487,Flynn,Grrace,Alivia
16417,717169654,F,9/15/1994,173,Brown,15593 E 98th Pl,Commerce City,Colorado,80022,Hale,Sadie,Darcie
16449,705175687,F,11/6/1976,185,Brown,156 Shady Holw,Nederland,Colorado,80466,Simon,May,Polly
16481,125710805,F,5/27/1986,211,Brown,15550 Carob Cir,Parker,Colorado,80134,Mack,Maddy,Grace
16513,627067398,F,4/21/1981,166,Brown,156 Deerfield Cir,Florissant,Colorado,80816,Crow,Kristy,Margaux
16545,442598704,F,10/20/1986,150,Brown,156 N 3rd St,Berthoud,Colorado,80513,Raymond,Robbie,Anna
